Workbook

Sheet Trade Log
A1: TST TRADE JOURNAL — TRADE LOG
A2: Blue cells = your input · Black cells = auto-calculated · One row per trade · Dropdowns in colored columns
A3: Date | B3: Ticker | C3: Setup Type | D3: Direction | E3: Entry $ | F3: Stop $ | G3: Target $ | H3: Exit $ | I3: Shares | J3: Risk $ | K3: P&L $ | L3: P&L % | M3: R Multiple | N3: Win / Loss | O3: Grade | P3: Emotion | Q3: Stop OK | R3: Mistake | S3: Notes
A4: 1/15/2026 | B4: NVDA | C4: Bull Flag | D4: Long | E4: 118.5 | F4: 115.5 | G4: 128 | H4: 126 | I4: 33 | J4: =IFERROR(IF(AND(E4<>"",F4<>"",I4<>""),ABS(E4-F4)*I4,""),(")))) -> 99 | K4: =IFERROR(IF(AND(E4<>"",H4<>"",I4<>""),IF(D4="Short",(E4-H4)*I4,(H4-E4)*I4),""),(")))) -> 247.5 | L4: =IFERROR(IF(AND(E4<>"",H4<>""),IF(D4="Short",(E4-H4)/E4,(H4-E4)/E4),""),(")))) -> 0.063291139 | M4: =IFERROR(IF(AND(K4<>"",J4<>"",J4<>0),K4/J4,""),(")))) -> 2.5 | N4: =IFERROR(IF(K4="","",IF(K4>0,"Win",IF(K4<0,"Loss","BE"))),(")))) -> Win | O4: A | P4: Calm | Q4: Yes | R4: No | S4: Example row — clean bull flag, held 20 EMA, exited at first target. Delete when ready.
J5: =IFERROR(IF(AND(E5<>"",F5<>"",I5<>""),ABS(E5-F5)*I5,""),(")))) | K5: =IFERROR(IF(AND(E5<>"",H5<>"",I5<>""),IF(D5="Short",(E5-H5)*I5,(H5-E5)*I5),""),(")))) | L5: =IFERROR(IF(AND(E5<>"",H5<>""),IF(D5="Short",(E5-H5)/E5,(H5-E5)/E5),""),(")))) | M5: =IFERROR(IF(AND(K5<>"",J5<>"",J5<>0),K5/J5,""),(")))) | N5: =IFERROR(IF(K5="","",IF(K5>0,"Win",IF(K5<0,"Loss","BE"))),("))))
J6: =IFERROR(IF(AND(E6<>"",F6<>"",I6<>""),ABS(E6-F6)*I6,""),(")))) | K6: =IFERROR(IF(AND(E6<>"",H6<>"",I6<>""),IF(D6="Short",(E6-H6)*I6,(H6-E6)*I6),""),(")))) | L6: =IFERROR(IF(AND(E6<>"",H6<>""),IF(D6="Short",(E6-H6)/E6,(H6-E6)/E6),""),(")))) | M6: =IFERROR(IF(AND(K6<>"",J6<>"",J6<>0),K6/J6,""),(")))) | N6: =IFERROR(IF(K6="","",IF(K6>0,"Win",IF(K6<0,"Loss","BE"))),("))))
J7: =IFERROR(IF(AND(E7<>"",F7<>"",I7<>""),ABS(E7-F7)*I7,""),(")))) | K7: =IFERROR(IF(AND(E7<>"",H7<>"",I7<>""),IF(D7="Short",(E7-H7)*I7,(H7-E7)*I7),""),(")))) | L7: =IFERROR(IF(AND(E7<>"",H7<>""),IF(D7="Short",(E7-H7)/E7,(H7-E7)/E7),""),(")))) | M7: =IFERROR(IF(AND(K7<>"",J7<>"",J7<>0),K7/J7,""),(")))) | N7: =IFERROR(IF(K7="","",IF(K7>0,"Win",IF(K7<0,"Loss","BE"))),("))))
J8: =IFERROR(IF(AND(E8<>"",F8<>"",I8<>""),ABS(E8-F8)*I8,""),(")))) | K8: =IFERROR(IF(AND(E8<>"",H8<>"",I8<>""),IF(D8="Short",(E8-H8)*I8,(H8-E8)*I8),""),(")))) | L8: =IFERROR(IF(AND(E8<>"",H8<>""),IF(D8="Short",(E8-H8)/E8,(H8-E8)/E8),""),(")))) | M8: =IFERROR(IF(AND(K8<>"",J8<>"",J8<>0),K8/J8,""),(")))) | N8: =IFERROR(IF(K8="","",IF(K8>0,"Win",IF(K8<0,"Loss","BE"))),("))))
J9: =IFERROR(IF(AND(E9<>"",F9<>"",I9<>""),ABS(E9-F9)*I9,""),(")))) | K9: =IFERROR(IF(AND(E9<>"",H9<>"",I9<>""),IF(D9="Short",(E9-H9)*I9,(H9-E9)*I9),""),(")))) | L9: =IFERROR(IF(AND(E9<>"",H9<>""),IF(D9="Short",(E9-H9)/E9,(H9-E9)/E9),""),(")))) | M9: =IFERROR(IF(AND(K9<>"",J9<>"",J9<>0),K9/J9,""),(")))) | N9: =IFERROR(IF(K9="","",IF(K9>0,"Win",IF(K9<0,"Loss","BE"))),("))))
J10: =IFERROR(IF(AND(E10<>"",F10<>"",I10<>""),ABS(E10-F10)*I10,""),(")))) | K10: =IFERROR(IF(AND(E10<>"",H10<>"",I10<>""),IF(D10="Short",(E10-H10)*I10,(H10-E10)*I10),""),(")))) | L10: =IFERROR(IF(AND(E10<>"",H10<>""),IF(D10="Short",(E10-H10)/E10,(H10-E10)/E10),""),(")))) | M10: =IFERROR(IF(AND(K10<>"",J10<>"",J10<>0),K10/J10,""),(")))) | N10: =IFERROR(IF(K10="","",IF(K10>0,"Win",IF(K10<0,"Loss","BE"))),("))))
J11: =IFERROR(IF(AND(E11<>"",F11<>"",I11<>""),ABS(E11-F11)*I11,""),(")))) | K11: =IFERROR(IF(AND(E11<>"",H11<>"",I11<>""),IF(D11="Short",(E11-H11)*I11,(H11-E11)*I11),""),(")))) | L11: =IFERROR(IF(AND(E11<>"",H11<>""),IF(D11="Short",(E11-H11)/E11,(H11-E11)/E11),""),(")))) | M11: =IFERROR(IF(AND(K11<>"",J11<>"",J11<>0),K11/J11,""),(")))) | N11: =IFERROR(IF(K11="","",IF(K11>0,"Win",IF(K11<0,"Loss","BE"))),("))))
J12: =IFERROR(IF(AND(E12<>"",F12<>"",I12<>""),ABS(E12-F12)*I12,""),(")))) | K12: =IFERROR(IF(AND(E12<>"",H12<>"",I12<>""),IF(D12="Short",(E12-H12)*I12,(H12-E12)*I12),""),(")))) | L12: =IFERROR(IF(AND(E12<>"",H12<>""),IF(D12="Short",(E12-H12)/E12,(H12-E12)/E12),""),(")))) | M12: =IFERROR(IF(AND(K12<>"",J12<>"",J12<>0),K12/J12,""),(")))) | N12: =IFERROR(IF(K12="","",IF(K12>0,"Win",IF(K12<0,"Loss","BE"))),("))))
J13: =IFERROR(IF(AND(E13<>"",F13<>"",I13<>""),ABS(E13-F13)*I13,""),(")))) | K13: =IFERROR(IF(AND(E13<>"",H13<>"",I13<>""),IF(D13="Short",(E13-H13)*I13,(H13-E13)*I13),""),(")))) | L13: =IFERROR(IF(AND(E13<>"",H13<>""),IF(D13="Short",(E13-H13)/E13,(H13-E13)/E13),""),(")))) | M13: =IFERROR(IF(AND(K13<>"",J13<>"",J13<>0),K13/J13,""),(")))) | N13: =IFERROR(IF(K13="","",IF(K13>0,"Win",IF(K13<0,"Loss","BE"))),("))))
J14: =IFERROR(IF(AND(E14<>"",F14<>"",I14<>""),ABS(E14-F14)*I14,""),(")))) | K14: =IFERROR(IF(AND(E14<>"",H14<>"",I14<>""),IF(D14="Short",(E14-H14)*I14,(H14-E14)*I14),""),(")))) | L14: =IFERROR(IF(AND(E14<>"",H14<>""),IF(D14="Short",(E14-H14)/E14,(H14-E14)/E14),""),(")))) | M14: =IFERROR(IF(AND(K14<>"",J14<>"",J14<>0),K14/J14,""),(")))) | N14: =IFERROR(IF(K14="","",IF(K14>0,"Win",IF(K14<0,"Loss","BE"))),("))))
J15: =IFERROR(IF(AND(E15<>"",F15<>"",I15<>""),ABS(E15-F15)*I15,""),(")))) | K15: =IFERROR(IF(AND(E15<>"",H15<>"",I15<>""),IF(D15="Short",(E15-H15)*I15,(H15-E15)*I15),""),(")))) | L15: =IFERROR(IF(AND(E15<>"",H15<>""),IF(D15="Short",(E15-H15)/E15,(H15-E15)/E15),""),(")))) | M15: =IFERROR(IF(AND(K15<>"",J15<>"",J15<>0),K15/J15,""),(")))) | N15: =IFERROR(IF(K15="","",IF(K15>0,"Win",IF(K15<0,"Loss","BE"))),("))))
J16: =IFERROR(IF(AND(E16<>"",F16<>"",I16<>""),ABS(E16-F16)*I16,""),(")))) | K16: =IFERROR(IF(AND(E16<>"",H16<>"",I16<>""),IF(D16="Short",(E16-H16)*I16,(H16-E16)*I16),""),(")))) | L16: =IFERROR(IF(AND(E16<>"",H16<>""),IF(D16="Short",(E16-H16)/E16,(H16-E16)/E16),""),(")))) | M16: =IFERROR(IF(AND(K16<>"",J16<>"",J16<>0),K16/J16,""),(")))) | N16: =IFERROR(IF(K16="","",IF(K16>0,"Win",IF(K16<0,"Loss","BE"))),("))))
... J103: =IFERROR(IF(AND(E103<>"",F103<>"",I103<>""),ABS(E103-F103)*I103,""),(")))) | K103: =IFERROR(IF(AND(E103<>"",H103<>"",I103<>""),IF(D103="Short",(E103-H103)*I103,(H103-E103)*I103),""),(")))) | L103: =IFERROR(IF(AND(E103<>"",H103<>""),IF(D103="Short",(E103-H103)/E103,(H103-E103)/E103),""),(")))) | M103: =IFERROR(IF(AND(K103<>"",J103<>"",J103<>0),K103/J103,""),(")))) | N103: =IFERROR(IF(K103="","",IF(K103>0,"Win",IF(K103<0,"Loss","BE"))),("))))

Sheet Dashboard
A1: TST TRADE JOURNAL — DASHBOARD
A2: Auto-populated from Trade Log. Do not edit this sheet.
A4: PERFORMANCE OVERVIEW | D4: GRADE BREAKDOWN | G4: BEHAVIORAL STATS
A5: Total trades | B5: =COUNTA('Trade Log'!B5:B103) -> 0 | D5: Grade A trades | E5: =COUNTIF('Trade Log'!O5:O103,"A") -> 0 | G5: Stops honored % | H5: =IFERROR(COUNTIF('Trade Log'!Q5:Q103,"Yes")/COUNTA('Trade Log'!Q5:Q103),0) -> 0
A6: Total P&L | B6: =IFERROR(SUM('Trade Log'!K5:K103),0) -> 0 | D6: Grade B trades | E6: =COUNTIF('Trade Log'!O5:O103,"B") -> 0 | G6: Mistake-free % | H6: =IFERROR(COUNTIF('Trade Log'!R5:R103,"No")/COUNTA('Trade Log'!R5:R103),0) -> 0
A7: Win rate | B7: =IFERROR(COUNTIF('Trade Log'!N5:N103,"Win")/COUNTA('Trade Log'!N5:N103),0) -> 0 | D7: Grade C trades | E7: =COUNTIF('Trade Log'!O5:O103,"C") -> 0 | G7: Calm trades % | H7: =IFERROR(COUNTIF('Trade Log'!P5:P103,"Calm")/COUNTA('Trade Log'!P5:P103),0) -> 0
A8: Average win $ | B8: =IFERROR(AVERAGEIF('Trade Log'!N5:N103,"Win",'Trade Log'!K5:K103),0) -> 0 | D8: Grade D trades | E8: =COUNTIF('Trade Log'!O5:O103,"D") -> 0 | G8: Long trades % | H8: =IFERROR(COUNTIF('Trade Log'!D5:D103,"Long")/COUNTA('Trade Log'!D5:D103),0) -> 0
A9: Average loss $ | B9: =IFERROR(AVERAGEIF('Trade Log'!N5:N103,"Loss",'Trade Log'!K5:K103),0) -> 0 | D9: Grade F trades | E9: =COUNTIF('Trade Log'!O5:O103,"F") -> 0
A10: Profit factor | B10: =IFERROR(SUMIF('Trade Log'!N5:N103,"Win",'Trade Log'!K5:K103)/ABS(SUMIF('Trade Log'!N5:N103,"Loss",'Trade Log'!K5:K103)),0) -> 0
A11: Avg R multiple | B11: =IFERROR(AVERAGE('Trade Log'!M5:M103),0) -> 0
A12: Largest win | B12: =IFERROR(MAX('Trade Log'!K5:K103),0) -> 0
A13: Largest loss | B13: =IFERROR(MIN('Trade Log'!K5:K103),0) -> 0
A14: Long trades | B14: =COUNTIF('Trade Log'!D5:D103,"Long") -> 0
A15: Short trades | B15: =COUNTIF('Trade Log'!D5:D103,"Short") -> 0
A17: Target benchmarks: Win Rate > 50% · Profit Factor > 1.5 · Avg R > 1.0 · Stops Honored = 100% · All four green = you have a real edge.

Sheet Weekly Review
A1: TST TRADE JOURNAL — WEEKLY REVIEW
A2: Complete one review per week. Be honest — this is the most important habit in trading.
A3: Week of:
A5: PERFORMANCE RECAP
A6: Total P&L this week?
A7: Total trades taken?
A8: Win rate this week?
A9: Best trade — what worked and why?
A10: Worst trade — what went wrong?
A12: WHAT WENT WELL
A13: Which setups performed best this week?
A14: What did I do well behaviorally?
... A27: Market conditions or events to be aware of:

Sheet Daily Scorecard
A1: TST TRADE JOURNAL — DAILY SCORECARD
A2: Complete after every trading session. Answer honestly — the scorecard only works if you tell the truth.
A3: Date: | D3: Daily P&L:
A4: # | B4: Question | C4: Yes / No | D4: Why it matters
A5: 1 | B5: Did I complete my full pre-market routine before the open? | D5: No routine = reactive trading. Non-negotiable.
A6: 2 | B6: Did I stick to my watchlist only — no off-list trades? | D6: Chasing stocks not on your list is a discipline failure.
A7: 3 | B7: Did I overtrade? (More positions than planned) | D7: Define your max trades per day and honor it.
A8: 4 | B8: Was I green before going red? (Gave back a profitable session) | D8: One of the most common and preventable losses in trading.
A9: 5 | B9: Did I move any stop loss to avoid a loss? | D9: If yes, that small loss likely became a large one.
A10: 6 | B10: Did I revenge trade after a loss? | D10: The trade after the loss is almost always the second mistake.
A11: 7 | B11: Did I honor every stop loss exactly as placed? | D11: Stops honored = risk controlled. Non-negotiable.
A12: 8 | B12: Did I take profits too early out of fear they would reverse? | D12: Cutting winners short destroys your R multiple over time.
A13: 9 | B13: Did I chase any entries above my planned entry price? | D13: Chasing leads to poor entries and wider stops.
A14: 10 | B14: Did I size up emotionally — not based on my position sizing formula? | D14: Emotional sizing is how good days turn into disasters.
A15: 11 | B15: Did I stop trading after hitting my daily max loss? | D15: If you kept trading after max loss, you broke the most important rule.
A16: 12 | B16: Did I journal all trades before closing the platform? | D16: Unjournaled trades are missed learning opportunities.
A17: Session Score (favorable answers) | C17: =IF(C5="Yes",1,0)+IF(C6="Yes",1,0)+IF(C11="Yes",1,0)+IF(C15="Yes",1,0)+IF(C16="Yes",1,0)+IF(C7="No",1,0)+IF(C8="No",1,0)+IF(C9="No",1,0)+IF(C10="No",1,0)+IF(C12="No",1,0)+IF(C13="No",1,0)+IF(C14="No",1,0) -> 0 | D17: Out of 12. Target: 10 or higher every session.
A18: Notes:
